protein1,residue1,protein2,residue2,linker
smc5,667,smc5,674,DSSO
smc5,667,smc5,675,DSSO
smc5,670,smc5,674,DSSO
smc5,570,smc5,574,DSSO
smc5,567,smc5,574,DSSO
smc5,404,smc5,696,DSSO
smc5,757,smc5,764,DSSO
smc5,667,smc5,676,DSSO
smc5,404,smc5,697,DSSO
smc5,411,smc5,697,DSSO
smc5,344,smc5,757,DSSO
smc5,915,smc5,919,DSSO
smc5,377,smc5,733,DSSO
smc5,581,smc5,624,DSSO
smc5,580,smc5,624,DSSO
smc5,563,smc5,574,DSSO
smc5,411,smc5,696,DSSO
smc5,404,smc5,411,DSSO
smc5,449,smc5,570,DSSO
smc5,404,smc5,719,DSSO
smc5,286,smc5,822,DSSO
smc5,811,smc5,822,DSSO
smc5,227,smc5,235,DSSO
smc5,463,smc5,533,DSSO
smc5,31,smc5,136,DSSO
smc5,445,smc5,670,DSSO
smc5,579,smc5,624,DSSO
smc5,445,smc5,463,DSSO
smc5,311,smc5,327,DSSO
smc5,312,smc5,327,DSSO
smc5,390,smc5,719,DSSO
smc5,395,smc5,719,DSSO
smc5,396,smc5,719,DSSO
smc5,406,smc5,697,DSSO
smc5,445,smc5,667,DSSO
smc5,444,smc5,670,DSSO
smc5,44,smc5,136,DSSO
smc5,111,smc5,136,DSSO
smc5,971,smc5,980,DSSO
smc5,248,smc5,259,DSSO
smc5,301,smc5,304,DSSO
smc5,733,smc5,738,DSSO
smc5,232,smc5,235,DSSO
smc5,971,smc5,979,DSSO
smc5,304,smc5,311,DSSO
smc5,28,smc5,136,DSSO
smc5,563,smc5,579,DSSO
smc5,304,smc5,811,DSSO
smc5,670,smc5,676,DSSO
smc5,235,smc5,909,DSSO
smc5,333,smc5,337,DSSO
smc5,311,smc5,328,DSSO
smc5,443,smc5,667,DSSO
smc5,235,smc5,915,DSSO
smc5,192,smc5,980,DSSO
smc5,293,smc5,822,DSSO
smc5,279,smc5,286,DSSO
smc5,245,smc5,248,DSSO
smc5,248,smc5,260,DSSO
smc5,563,smc5,581,DSSO
smc5,286,smc5,293,DSSO
smc5,612,smc5,624,DSSO
smc5,443,smc5,670,DSSO
smc5,443,smc5,463,DSSO
smc5,479,smc5,561,DSSO
smc5,245,smc5,249,DSSO
smc5,281,smc5,817,DSSO
smc5,368,smc5,728,DSSO
smc6,324,smc6,869,DSSO
smc6,525,smc6,619,DSSO
smc6,397,smc6,806,DSSO
smc6,525,smc6,620,DSSO
smc6,397,smc6,788,DSSO
smc6,530,smc6,620,DSSO
smc6,320,smc6,885,DSSO
smc6,83,smc6,160,DSSO
smc6,493,smc6,702,DSSO
smc6,324,smc6,885,DSSO
smc6,311,smc6,885,DSSO
smc6,397,smc6,811,DSSO
smc6,395,smc6,806,DSSO
smc6,493,smc6,700,DSSO
smc6,324,smc6,884,DSSO
smc6,397,smc6,794,DSSO
smc6,310,smc6,885,DSSO
smc6,398,smc6,806,DSSO
smc6,620,smc6,689,DSSO
smc6,398,smc6,788,DSSO
smc6,493,smc6,710,DSSO
smc6,642,smc6,722,DSSO
smc6,987,smc6,1067,DSSO
smc6,343,smc6,850,DSSO
smc6,852,smc6,860,DSSO
smc6,468,smc6,731,DSSO
smc6,548,smc6,710,DSSO
smc6,501,smc6,702,DSSO
smc6,413,smc6,770,DSSO
smc6,493,smc6,709,DSSO
smc6,869,smc6,884,DSSO
smc6,397,smc6,812,DSSO
smc6,468,smc6,741,DSSO
smc6,1059,smc6,1087,DSSO
smc6,987,smc6,1059,DSSO
smc6,1067,smc6,1087,DSSO
smc6,901,smc6,906,DSSO
smc6,869,smc6,885,DSSO
smc6,987,smc6,1070,DSSO
smc6,1067,smc6,1070,DSSO
smc6,989,smc6,1059,DSSO
smc6,738,smc6,746,DSSO
smc6,452,smc6,746,DSSO
smc6,906,smc6,913,DSSO
smc6,390,smc6,395,DSSO
smc6,343,smc6,350,DSSO
smc6,350,smc6,836,DSSO
smc6,1059,smc6,1081,DSSO
smc6,548,smc6,709,DSSO
smc6,493,smc6,692,DSSO
smc6,398,smc6,775,DSSO
smc6,395,smc6,794,DSSO
smc6,958,smc6,965,DSSO
smc6,965,smc6,996,DSSO
smc6,1070,smc6,1077,DSSO
smc6,731,smc6,738,DSSO
smc6,343,smc6,839,DSSO
smc6,859,smc6,869,DSSO
smc6,311,smc6,869,DSSO
nse2,249,nse2,258,DSSO
nse6,110,nse6,114,DSSO
nse6,98,nse6,90,DSSO
nse6,140,nse6,146,DSSO
nse6,110,nse6,95,DSSO
nse6,110,nse6,96,DSSO
nse6,172,nse6,269,DSSO
nse6,90,nse6,96,DSSO
nse6,198,nse6,270,DSSO
nse6,394,nse6,381,DSSO
nse6,98,nse6,95,DSSO
nse6,110,nse6,90,DSSO
nse6,111,nse6,114,DSSO
nse6,333,nse6,286,DSSO
nse6,156,nse6,172,DSSO
nse6,360,nse6,381,DSSO
nse5,116,nse5,360,DSSO
nse5,145,nse5,148,DSSO
nse5,145,nse5,158,DSSO
nse5,145,nse5,182,DSSO
nse5,148,nse5,182,DSSO
nse5,158,nse5,148,DSSO
nse5,158,nse5,182,DSSO
nse5,179,nse5,145,DSSO
nse5,179,nse5,148,DSSO
nse5,180,nse5,143,DSSO
nse5,182,nse5,157,DSSO
nse5,269,nse5,157,DSSO
nse5,269,nse5,158,DSSO
nse5,332,nse5,343,DSSO
nse5,335,nse5,343,DSSO
nse5,551,nse5,399,DSSO
