protein1,residue1,protein2,residue2,sat
smc5,667,smc5,674,1
smc5,667,smc5,675,1
smc5,670,smc5,674,1
smc5,570,smc5,574,1
smc5,567,smc5,574,1
smc5,404,smc5,696,1
smc5,757,smc5,764,1
smc5,667,smc5,676,1
smc5,404,smc5,697,1
smc5,411,smc5,697,1
smc5,344,smc5,757,1
smc5,915,smc5,919,1
smc5,377,smc5,733,1
smc5,581,smc5,624,1
smc5,580,smc5,624,1
smc5,563,smc5,574,1
smc5,411,smc5,696,1
smc5,404,smc5,411,1
smc5,449,smc5,570,1
smc5,404,smc5,719,1
smc5,286,smc5,822,1
smc5,811,smc5,822,1
smc5,227,smc5,235,1
smc5,463,smc5,533,1
smc5,31,smc5,136,1
smc5,445,smc5,670,1
smc5,579,smc5,624,1
smc5,445,smc5,463,1
smc5,311,smc5,327,1
smc5,312,smc5,327,1
smc5,390,smc5,719,1
smc5,395,smc5,719,1
smc5,396,smc5,719,1
smc5,406,smc5,697,1
smc5,445,smc5,667,1
smc5,444,smc5,670,1
smc5,44,smc5,136,1
smc5,111,smc5,136,1
smc5,971,smc5,980,1
smc5,248,smc5,259,1
smc5,301,smc5,304,1
smc5,733,smc5,738,1
smc5,232,smc5,235,1
smc5,971,smc5,979,1
smc5,304,smc5,311,1
smc5,28,smc5,136,1
smc5,563,smc5,579,1
smc5,304,smc5,811,1
smc5,670,smc5,676,1
smc5,235,smc5,909,1
smc5,333,smc5,337,1
smc5,311,smc5,328,1
smc5,443,smc5,667,1
smc5,235,smc5,915,1
smc5,192,smc5,980,1
smc5,293,smc5,822,1
smc5,279,smc5,286,1
smc5,245,smc5,248,1
smc5,248,smc5,260,1
smc5,563,smc5,581,1
smc5,286,smc5,293,1
smc5,612,smc5,624,1
smc5,443,smc5,670,1
smc5,443,smc5,463,1
smc5,479,smc5,561,1
smc5,245,smc5,249,1
smc5,281,smc5,817,1
smc5,368,smc5,728,1
smc6,324,smc6,869,1
smc6,525,smc6,619,1
smc6,397,smc6,806,1
smc6,525,smc6,620,1
smc6,397,smc6,788,1
smc6,530,smc6,620,1
smc6,320,smc6,885,1
smc6,83,smc6,160,1
smc6,493,smc6,702,1
smc6,324,smc6,885,1
smc6,311,smc6,885,1
smc6,397,smc6,811,1
smc6,395,smc6,806,1
smc6,493,smc6,700,1
smc6,324,smc6,884,1
smc6,397,smc6,794,1
smc6,310,smc6,885,1
smc6,398,smc6,806,1
smc6,620,smc6,689,1
smc6,398,smc6,788,1
smc6,493,smc6,710,1
smc6,642,smc6,722,1
smc6,987,smc6,1067,1
smc6,343,smc6,850,1
smc6,852,smc6,860,1
smc6,468,smc6,731,1
smc6,548,smc6,710,1
smc6,501,smc6,702,1
smc6,413,smc6,770,1
smc6,493,smc6,709,1
smc6,869,smc6,884,1
smc6,397,smc6,812,1
smc6,468,smc6,741,1
smc6,1059,smc6,1087,1
smc6,987,smc6,1059,1
smc6,1067,smc6,1087,0
smc6,901,smc6,906,1
smc6,869,smc6,885,1
smc6,987,smc6,1070,1
smc6,1067,smc6,1070,1
smc6,989,smc6,1059,1
smc6,738,smc6,746,1
smc6,452,smc6,746,1
smc6,906,smc6,913,1
smc6,390,smc6,395,1
smc6,343,smc6,350,1
smc6,350,smc6,836,1
smc6,1059,smc6,1081,1
smc6,548,smc6,709,1
smc6,493,smc6,692,1
smc6,398,smc6,775,0
smc6,395,smc6,794,1
smc6,958,smc6,965,1
smc6,965,smc6,996,1
smc6,1070,smc6,1077,1
smc6,731,smc6,738,1
smc6,343,smc6,839,1
smc6,859,smc6,869,1
smc6,311,smc6,869,1
nse2,249,nse2,258,1
nse6,110,nse6,114,1
nse6,98,nse6,90,1
nse6,140,nse6,146,1
nse6,110,nse6,95,1
nse6,110,nse6,96,1
nse6,172,nse6,269,1
nse6,90,nse6,96,1
nse6,198,nse6,270,1
nse6,394,nse6,381,1
nse6,98,nse6,95,1
nse6,110,nse6,90,1
nse6,111,nse6,114,1
nse6,333,nse6,286,1
nse6,156,nse6,172,1
nse6,360,nse6,381,1
nse5,116,nse5,360,1
nse5,145,nse5,148,1
nse5,145,nse5,158,1
nse5,145,nse5,182,1
nse5,148,nse5,182,1
nse5,158,nse5,148,1
nse5,158,nse5,182,1
nse5,179,nse5,145,1
nse5,179,nse5,148,1
nse5,180,nse5,143,1
nse5,182,nse5,157,1
nse5,269,nse5,157,1
nse5,269,nse5,158,1
nse5,332,nse5,343,1
nse5,335,nse5,343,1
nse5,551,nse5,399,1
smc5,425,smc6,468,1
smc5,463,smc6,722,1
smc5,641,smc6,685,1
smc5,631,smc6,600,1
smc5,531,smc6,722,1
smc5,395,smc6,760,1
smc5,531,smc6,642,1
smc5,337,smc6,832,1
smc5,533,smc6,642,1
smc5,522,smc6,642,1
smc5,533,smc6,722,1
smc5,656,smc6,685,1
smc5,636,smc6,685,1
smc5,639,smc6,685,1
smc5,248,smc6,913,1
smc5,425,smc6,741,1
smc5,259,smc6,917,1
smc5,420,smc6,741,1
smc5,248,smc6,917,1
smc5,260,smc6,913,1
smc5,411,smc6,760,1
smc5,521,smc6,642,1
smc5,248,smc6,916,1
smc5,274,smc6,906,1
smc5,337,smc6,827,1
smc5,598,smc6,570,1
smc5,406,smc6,746,1
smc5,354,smc6,390,1
smc5,646,smc6,685,1
smc5,260,smc6,906,1
smc5,259,smc6,913,1
smc5,463,smc6,492,1
smc5,714,smc6,436,1
smc5,631,smc6,602,1
smc5,719,smc6,770,1
smc5,425,smc6,463,1
smc5,279,smc6,896,1
smc5,425,smc6,746,1
smc5,279,smc6,901,1
smc5,259,smc6,906,1
smc5,425,smc6,740,1
smc5,252,smc6,913,1
smc5,714,smc6,788,1
nse2,17,smc6,343,1
nse2,17,smc6,850,1
nse2,20,smc6,343,1
nse2,82,smc6,832,1
nse2,88,smc6,827,1
nse2,88,smc6,832,1
nse2,258,smc6,390,1
nse2,258,smc5,733,1
nse2,246,smc5,356,1
nse2,258,smc5,377,1
nse2,258,smc5,745,1
nse2,107,nse6,110,1
nse2,108,nse6,110,1
nse2,111,nse6,110,1
nse2,111,nse6,111,1
nse2,111,nse6,114,1
nse2,112,nse6,110,1
nse2,112,nse6,111,1
nse2,112,nse6,114,1
nse2,112,nse6,122,1
nse6,96,smc5,276,1
nse6,96,smc5,279,1
nse6,98,smc5,286,1
nse6,96,smc5,286,1
nse6,95,smc5,289,1
nse6,96,smc5,293,1
nse6,114,smc5,817,1
nse6,114,smc5,818,1
nse6,96,smc5,822,1
nse6,90,smc5,850,1
nse6,156,smc6,281,1
nse6,156,smc6,288,1
nse6,145,smc6,288,1
nse6,114,smc6,336,1
nse6,114,smc6,343,1
nse6,114,smc6,850,1
nse6,114,smc6,854,1
nse6,114,smc6,859,1
nse6,110,smc6,860,1
nse6,122,smc6,860,1
nse6,114,smc6,860,1
nse6,146,smc6,884,1
nse6,146,smc6,885,1
nse6,122,smc6,896,1
nse6,114,smc6,896,1
nse6,122,smc6,901,1
nse6,118,smc6,901,1
nse6,96,smc6,901,1
nse6,110,smc6,901,1
nse6,156,smc6,936,1
nse6,145,smc6,937,1
nse6,146,smc6,941,1
nse6,192,smc6,958,1
nse5,148,smc5,979,1
nse5,157,smc5,971,1
nse5,158,smc5,89,1
nse5,158,smc5,92,1
nse5,158,smc5,195,1
nse5,158,smc5,971,1
nse5,158,smc5,979,1
nse5,158,smc5,980,1
nse5,339,smc5,979,1
nse5,158,smc6,987,1
nse5,182,smc6,1012,1
nse5,179,smc6,1012,1
nse5,399,nse6,218,1
smc5,676,smc5,697,0
smc5,675,smc5,692,1
smc5,404,smc5,696,1
smc5,670,smc5,674,1
smc5,354,smc5,356,1
smc5,396,smc5,406,1
smc5,232,smc5,235,1
smc5,404,smc5,697,1
smc5,347,smc5,757,1
smc5,356,smc5,368,1
smc5,628,smc5,641,1
smc5,333,smc5,337,1
smc5,445,smc5,463,1
smc5,667,smc5,674,1
smc5,301,smc5,304,1
smc5,285,smc5,293,1
smc5,248,smc5,260,1
smc5,817,smc5,822,1
smc5,248,smc5,259,1
smc5,252,smc5,260,1
smc5,249,smc5,272,1
smc5,293,smc5,301,1
smc5,714,smc5,719,1
smc5,248,smc5,293,1
smc5,252,smc5,259,1
smc5,719,smc5,738,1
smc5,599,smc5,612,1
smc5,612,smc5,624,1
smc5,301,smc5,309,1
smc5,289,smc5,293,1
smc6,769,smc6,812,0
smc6,722,smc6,731,1
smc6,764,smc6,783,1
smc6,770,smc6,775,1
smc6,667,smc6,685,1
smc6,846,smc6,852,1
smc6,943,smc6,958,1
smc6,1059,smc6,1070,1
smc6,505,smc6,525,1
smc6,685,smc6,689,1
smc6,331,smc6,341,1
smc6,1067,smc6,1070,1
smc6,681,smc6,689,1
smc6,288,smc6,304,1
smc6,731,smc6,741,1
smc6,390,smc6,395,1
smc6,679,smc6,709,1
smc6,413,smc6,452,0
smc6,832,smc6,836,1
smc6,681,smc6,692,0
smc6,667,smc6,679,1
smc6,724,smc6,731,1
smc6,343,smc6,350,1
smc6,913,smc6,958,0
smc6,987,smc6,1059,0
smc6,738,smc6,746,1
nse6,98,nse6,96,1
nse6,234,nse6,229,1
nse6,264,nse6,270,1
nse6,110,nse6,114,1
nse5,145,nse5,158,1
nse5,179,nse5,145,1
smc5,728,smc6,413,1
nse2,107,nse6,101,1
nse2,111,nse6,110,1
nse6,114,smc6,341,1
nse6,114,smc6,860,1
